dkname,dfname
Wink,Wink
Cryin,Cryin
rat,rat
Lwx,Lwx
Doinb,Doinb
April,April
Jinjiao,jinjiao
FoFo,FoFo
Wings,Wings
WEI,Wei
Loken,LokeN
Tian,Tian
xiye,xiye
Gala,GALA
mingjing,mingjing
Xiaowei,Xiaowei
Yagao,Yagao
Kanavi,Kanavi
Khan,Khan
Meteor,Meteor
XiaoBai,Xiaobai
GimGoon,GimGoon
Xiao7,Xiao7
Asura,Asura
CJJ,CJJ
Maple,Maple
Light,Light
ADD,ADD
Xiaopeng,Xiaopeng
Kingen,Kingen
Natural,Natural
bless,Bless
melody,melody
Crisp,Crisp
Xx,Xx
FunPlus Phoenix,Funplus Phoenix
705,705
ShiauC,ShiauC
Zoom,Zoom
Alu,Alu
eStar,eStar
Bilibili Gaming,Bilibili Gaming
Flandre,Flandre
XinMo,XinMo
Moonlight,Moonlight
Dominus Esports,Dominus Esports
LvMao,LvMao
Peace,Peace
JD Gaming,JD Gaming
Mark,Mark
LNG Esports,LNG Esports
Duan,Duan
lwandy,lwandy